,Temperature,Vibration_X,Vibration_Y,Vibration_Z
2024-01-06 22:50:03,26.84,-2.68,23.09,-1014.33
2024-01-06 22:50:03,30.19,-23.72,23.3,-1011.56
2024-01-06 22:50:03,29.48,1.24,19.01,-1012.23
2024-01-06 22:50:03,31.76,-13.17,21.69,-1018.05
2024-01-06 22:50:03,25.93,-13.71,21.47,-1016.73
2024-01-06 22:50:04,27.45,-2.78,27.26,-1025.36
2024-01-06 22:50:04,31.92,-7.38,24.9,-1024.68
2024-01-06 22:50:04,31.71,-0.67,5.46,-1018.47
2024-01-06 22:50:04,31.83,-11.12,32.04,-1016.76
2024-01-06 22:50:04,29.37,-11.81,19.66,-1028.73
2024-01-06 22:50:04,28.07,-18.92,29.78,-1026.08
2024-01-06 22:50:04,26.27,-22.18,14.3,-1020.9
2024-01-06 22:50:04,26.96,-11.35,14.83,-1019.04
2024-01-06 22:50:04,28.39,-0.69,17.6,-1021.89
2024-01-06 22:50:04,31.53,3.73,12.25,-1021.73
2024-01-06 22:50:04,31.51,-2.51,5,-1020.84
2024-01-06 22:50:04,31.51,-17.78,17.12,-1015.69
2024-01-06 22:50:04,29.95,-11.98,27.54,-1028.94
2024-01-06 22:50:04,29.98,-3.76,17.52,-1022.39
2024-01-06 22:50:04,26.79,1.33,28.27,-1020.88
2024-01-06 22:50:04,31.82,0.91,19.23,-1024.36
2024-01-06 22:50:04,27.36,4.1,29.35,-1027.42
2024-01-06 22:50:04,31,-17.49,7.63,-1022.07
2024-01-06 22:50:04,26.94,0.2,23.68,-1029.28
2024-01-06 22:50:04,25.54,-22.46,32.88,-1016.98
2024-01-06 22:50:04,27.15,-19.06,33.59,-1019.08
2024-01-06 22:50:04,25.59,-9.29,15.34,-1012.01
2024-01-06 22:50:04,31.54,-6.13,24.44,-1027.78
2024-01-06 22:50:04,29.37,-20.26,34.31,-1017.97
2024-01-06 22:50:04,31.52,-11.58,9.1,-1015.55
2024-01-06 22:50:04,31.77,-9.39,9.24,-1013.35
2024-01-06 22:50:04,25.07,-14.67,32.2,-1028.93
2024-01-06 22:50:04,26.26,3.81,27.47,-1014.93
2024-01-06 22:50:04,26.61,-11.88,19.04,-1025.82
2024-01-06 22:50:04,31.33,-6.75,19.32,-1012.88
2024-01-06 22:50:04,26.5,-16.87,16.86,-1027.55
2024-01-06 22:50:05,27.47,3.14,13.76,-1029.29
2024-01-06 22:50:05,26.82,-19.61,16.04,-1017.99
2024-01-06 22:50:05,29.66,-11.59,20.9,-1022.7
2024-01-06 22:50:05,27.78,-10.21,26.77,-1020.92
2024-01-06 22:50:05,28.31,-16.62,21.8,-1016.51
2024-01-06 22:50:05,28.17,-7.24,28.37,-1016.47
2024-01-06 22:50:05,32.91,-15.78,21.65,-1029.67
2024-01-06 22:50:05,30.18,-0.66,6.19,-1028.77
2024-01-06 22:50:05,27.86,-14.4,19.8,-1015.04
2024-01-06 22:50:05,31.29,-18.47,29.16,-1025.88
2024-01-06 22:50:05,27.77,-14.62,15.31,-1029.96
2024-01-06 22:50:05,26.44,2.82,15.93,-1027.65
2024-01-06 22:50:05,26.09,-9.21,27.43,-1028.31
2024-01-06 22:50:05,30.46,-20.36,6.42,-1029.43
2024-01-06 22:50:05,31.66,-17.39,5.03,-1024.88
2024-01-06 22:50:05,32.22,-4.07,26.15,-1028.77
2024-01-06 22:50:05,26.42,-8.29,14.52,-1017.13
2024-01-06 22:50:05,31.6,-16.92,11.12,-1020.4
2024-01-06 22:50:05,29.1,-9.42,12.74,-1014.11
2024-01-06 22:50:05,25.68,-21.88,9,-1023.46
2024-01-06 22:50:05,28.88,-20.12,15.84,-1014.74
2024-01-06 22:50:05,26.51,-19.09,5.9,-1026.25
2024-01-06 22:50:05,30.56,-1.02,23.45,-1014.98
2024-01-06 22:50:05,32.01,-14.5,16.01,-1017.72
2024-01-06 22:50:06,30.27,2.84,19.92,-1018.9
2024-01-06 22:50:06,32.38,2.67,13.84,-1022.66
2024-01-06 22:50:06,31.03,-15.23,18.04,-1015.7
2024-01-06 22:50:06,28.28,-24.1,12.89,-1023.98
2024-01-06 22:50:06,32.66,-2.92,31.32,-1021.05
2024-01-06 22:50:06,31.64,1.54,15.71,-1027.64
2024-01-06 22:50:06,26.36,-20.41,6.99,-1022.57
2024-01-06 22:50:06,30.15,-7.61,15.62,-1014.35
2024-01-06 22:50:06,31.6,-18.77,10.33,-1025.94
2024-01-06 22:50:06,29.97,-14.34,23.64,-1020.57
2024-01-06 22:50:06,30.52,-5.89,12.39,-1026.79
2024-01-06 22:50:06,30.12,-21.18,32.38,-1011.28
2024-01-06 22:50:06,30.33,4.43,5.91,-1023.66
2024-01-06 22:50:06,26.96,4.11,10.22,-1029.39
2024-01-06 22:50:06,32.01,-7.7,27.51,-1022.25
2024-01-06 22:50:06,30.76,-6.19,5.85,-1020.9
2024-01-06 22:50:06,31.35,-4.09,5.22,-1023.98
2024-01-06 22:50:06,32.14,-19.88,28.02,-1017.64
2024-01-06 22:50:06,25.04,-24.16,14.96,-1024.22
2024-01-06 22:50:06,25.96,-22.76,17.69,-1022.2
2024-01-06 22:50:06,28.69,0.71,15.36,-1017.32
2024-01-06 22:50:06,28.68,-19.08,24.86,-1021.68
2024-01-06 22:50:06,31,-9.89,22.86,-1014.49
2024-01-06 22:50:07,31.95,-15.21,21.87,-1012.96
2024-01-06 22:50:07,31.35,-18.71,14.1,-1019.66
2024-01-06 22:50:07,25.99,-3.13,13.09,-1026.63
2024-01-06 22:50:07,26.54,-7.17,13,-1012.25
2024-01-06 22:50:07,32.61,-10.69,10.07,-1026.67
2024-01-06 22:50:07,26.15,-5.11,18.37,-1029.5
2024-01-06 22:50:07,30.33,2.8,7.42,-1026.78
2024-01-06 22:50:07,28.78,-4.54,18.45,-1020.13
2024-01-06 22:50:07,27.42,-20.02,34.97,-1029.97
2024-01-06 22:50:07,30.8,-11.87,7.24,-1029.3
2024-01-06 22:50:07,26.94,-10.73,32.08,-1015.24
2024-01-06 22:50:07,26.32,-6.02,22.51,-1025.02
2024-01-06 22:50:07,26.71,-20.64,11.84,-1022.79
2024-01-06 22:50:07,25.86,2.32,24.74,-1017.54
2024-01-06 22:50:07,28.61,-12.2,16.52,-1028.73
2024-01-06 22:50:07,30.3,-5.91,33.15,-1011.31
2024-01-06 22:50:07,29.08,-4.88,25.4,-1021.97
2024-01-06 22:50:07,31.82,-18.35,30.44,-1024.09
2024-01-06 22:50:07,32.74,-11.35,27.59,-1017.91
2024-01-06 22:50:07,25,-23.42,33.58,-1026.84
2024-01-06 22:50:07,31.54,-6.24,26.93,-1021.93
2024-01-06 22:50:07,27.86,-12.28,28.19,-1024.01
2024-01-06 22:50:08,29.53,-7.52,33.67,-1021.27
2024-01-06 22:50:08,25.98,-1.83,25.23,-1011.44
2024-01-06 22:50:08,31.71,-0.22,12.68,-1020.74
2024-01-06 22:50:08,26.84,0.1,13.12,-1019.4
2024-01-06 22:50:08,26.32,-13.26,11.92,-1017.12
2024-01-06 22:50:08,25.22,-6.38,22.72,-1014.52
2024-01-06 22:50:08,31.98,-4.17,6.56,-1011.27
2024-01-06 22:50:08,30.66,-10.89,28.23,-1024.89
2024-01-06 22:50:08,28.65,-23.79,30.29,-1018.02
2024-01-06 22:50:08,31.54,-24.02,23.89,-1028.82
2024-01-06 22:50:08,28.86,4.64,11.52,-1022.33
2024-01-06 22:50:08,32.96,-3.58,33.17,-1019.75
2024-01-06 22:50:08,26.18,-0.62,9.31,-1028.38
2024-01-06 22:50:08,28.99,-5.44,11.42,-1027.58
2024-01-06 22:50:08,31.85,-8.72,15.5,-1016.93
2024-01-06 22:50:08,31.88,-2.68,31.03,-1025.53
2024-01-06 22:50:08,29.72,4.53,10.92,-1011.69
2024-01-06 22:50:08,29.7,-4.28,18.63,-1029.86
2024-01-06 22:50:09,29.29,-24.51,30.78,-1015.47
2024-01-06 22:50:09,28.04,-6.46,32.33,-1016.69
2024-01-06 22:50:09,32.2,0.56,7.38,-1024.08
2024-01-06 22:50:09,30.11,-16.46,25.37,-1027.25
2024-01-06 22:50:09,26.34,-13.53,28.39,-1024.93
2024-01-06 22:50:09,28.78,-20.25,24.67,-1014.36
2024-01-06 22:50:09,25.17,-3.71,30.17,-1013.16
2024-01-06 22:50:09,32.32,-20.76,21.47,-1019.69
2024-01-06 22:50:09,31.93,3.87,26.16,-1022.59
2024-01-06 22:50:09,30.79,-1.7,30.28,-1025.38
2024-01-06 22:50:09,28.08,4.77,25.19,-1026.97
2024-01-06 22:50:09,27.31,-24.52,6.38,-1014.18
2024-01-06 22:50:09,32.24,-6.92,29.28,-1023.62
2024-01-06 22:50:09,25.5,-19.41,10.47,-1023.1
2024-01-06 22:50:09,30.16,-20.06,9.86,-1021.3
2024-01-06 22:50:09,28.71,-5.9,11.5,-1027.11
2024-01-06 22:50:09,29.38,-22.34,12,-1012.35
2024-01-06 22:50:09,25.21,-9.56,18.92,-1027.4
2024-01-06 22:50:10,30.99,2.89,22.61,-1025.73
2024-01-06 22:50:10,25.87,-18.92,32.27,-1022.34
2024-01-06 22:50:10,27.54,1.65,31.63,-1022
2024-01-06 22:50:10,31.1,-16.56,24.83,-1014.18
2024-01-06 22:50:10,31.77,-18.34,17.93,-1012.69
2024-01-06 22:50:10,30.35,-18.92,21.13,-1023.8
2024-01-06 22:50:10,29.2,-19.17,5.98,-1027.38
2024-01-06 22:50:10,31.94,-11.22,30.75,-1021.9
2024-01-06 22:50:10,30.48,-3.92,6.41,-1021.1
2024-01-06 22:50:10,32.57,-24.09,6.9,-1017.2
2024-01-06 22:50:10,29.42,4.36,30.97,-1028.79
2024-01-06 22:50:10,30.82,-12.01,20.88,-1015.69
2024-01-06 22:50:10,29.26,-7.69,19.59,-1015.01
2024-01-06 22:50:10,32.47,-13.52,11.67,-1013.58
2024-01-06 22:50:10,25.93,-17.07,15.24,-1011.54
2024-01-06 22:50:10,31.34,-9.82,14.11,-1015.83
2024-01-06 22:50:11,26.69,4.6,20.71,-1025.9
2024-01-06 22:50:11,32.89,-23.77,29.98,-1018.53
2024-01-06 22:50:11,28.04,-20.67,22.97,-1027.08
2024-01-06 22:50:11,28.08,-7.59,17.15,-1017.58
2024-01-06 22:50:11,29,1.36,5.5,-1019.28
2024-01-06 22:50:11,30.16,-3.11,30.61,-1013.71
2024-01-06 22:50:11,31.92,-19.74,17.44,-1025.26
2024-01-06 22:50:11,30.33,-20.98,12.06,-1016.68
2024-01-06 22:50:11,25.98,-17.94,22.79,-1021.42
2024-01-06 22:50:11,31.01,-18.45,17.27,-1019.91
2024-01-06 22:50:11,29.31,-9.06,27.91,-1011.8
2024-01-06 22:50:11,26.78,2.79,34.05,-1026.48
2024-01-06 22:50:11,31.39,-7.53,10.94,-1013.83
2024-01-06 22:50:11,29.83,-15.71,28.95,-1016.49
2024-01-06 22:50:12,26.74,-11.77,25.05,-1012.56
2024-01-06 22:50:12,27.55,-10.92,8.58,-1026.69
2024-01-06 22:50:12,29.66,-2.04,8.02,-1014.43
2024-01-06 22:50:12,26.55,2.19,16.71,-1015.96
2024-01-06 22:50:12,32.75,-10.48,27.07,-1016.18
2024-01-06 22:50:12,30.83,0.53,6.72,-1018.11
2024-01-06 22:50:12,26.63,-12.47,19.1,-1020.29
2024-01-06 22:50:12,29.46,-8.09,8.73,-1021.19
2024-01-06 22:50:12,26.42,-24.99,7.91,-1028.44
2024-01-06 22:50:12,26.1,-5.46,29.71,-1025.23
2024-01-06 22:50:12,31.94,-23.89,19.2,-1017.22
2024-01-06 22:50:12,25.15,-7.17,5.26,-1021.01
2024-01-06 22:50:12,27.97,-17.17,30.22,-1028.39
2024-01-06 22:50:12,27.42,-15.27,12.03,-1025.75
2024-01-06 22:50:12,32.79,-17.18,27.12,-1023.82
2024-01-06 22:50:13,29.81,-17.31,7.89,-1028.94
2024-01-06 22:50:13,31.7,-19.95,13.77,-1027.58
2024-01-06 22:50:13,27.26,-22.05,26.58,-1023.53
2024-01-06 22:50:13,30.87,1.78,15.96,-1027.45
2024-01-06 22:50:13,26.15,-1.09,19.2,-1019.04
2024-01-06 22:50:13,25.4,-12.8,14.84,-1016.46
2024-01-06 22:50:13,25.19,-1.71,33.84,-1020.77
2024-01-06 22:50:13,26.78,-7.78,33.48,-1024.17
2024-01-06 22:50:13,31.02,4.18,19.5,-1018.56
2024-01-06 22:50:13,25.54,-15.46,12.12,-1015.97
2024-01-06 22:50:13,32.98,-15.88,5.06,-1013.78
2024-01-06 22:50:13,31.57,-0.31,25.47,-1024.84
2024-01-06 22:50:13,25.49,-1.86,13.02,-1011.69
2024-01-06 22:50:13,27.85,-0.53,32.26,-1019.72
2024-01-06 22:50:14,27.08,-16.16,5.11,-1011.88
2024-01-06 22:50:14,31.8,-17.72,10.87,-1026.29
2024-01-06 22:50:14,29.47,-16.38,25,-1015.4
2024-01-06 22:50:14,26.39,2.49,23.77,-1014.38
2024-01-06 22:50:14,31.45,-17.25,28.22,-1024.34
2024-01-06 22:50:14,28.32,-15.53,22.57,-1012.92
2024-01-06 22:50:14,31.89,-23.99,33.51,-1016.15
2024-01-06 22:50:14,27.66,-21.47,8.15,-1011.19
2024-01-06 22:50:14,27.15,-5.02,16.61,-1013.04
2024-01-06 22:50:14,25.99,-0.86,24.1,-1026.57
2024-01-06 22:50:14,25.81,-24.35,10.66,-1013.88
2024-01-06 22:50:15,25.18,-13.89,17.92,-1027.15
2024-01-06 22:50:15,31.51,-24.09,14.57,-1021.11
2024-01-06 22:50:15,31.37,-12,33.21,-1019.32
2024-01-06 22:50:15,25.5,-3.32,20.52,-1028.41
2024-01-06 22:50:15,27.55,-8.38,29.98,-1017.39
2024-01-06 22:50:15,25.91,2.57,10.11,-1012.98
2024-01-06 22:50:15,31.11,-15.5,23.93,-1012.23
2024-01-06 22:50:15,28.48,-10.91,5.41,-1023.05
2024-01-06 22:50:15,29.95,3.94,8.58,-1028.19
2024-01-06 22:50:15,29.29,-8.04,20.6,-1013.88
2024-01-06 22:50:15,27.28,3.59,19.32,-1025.72
2024-01-06 22:50:16,27.17,-17.88,22.64,-1015.12
2024-01-06 22:50:16,26.07,-16.13,11.66,-1020.68
2024-01-06 22:50:16,27.75,-6.57,21.99,-1024.14
2024-01-06 22:50:16,30.35,-18.5,11.69,-1018.11
2024-01-06 22:50:16,29.33,-12.68,8.77,-1019.48
2024-01-06 22:50:16,30.63,-3.72,8.33,-1012.97
2024-01-06 22:50:16,27.49,3.28,12.32,-1023.2
2024-01-06 22:50:16,30.41,-10.13,9.12,-1017.85
2024-01-06 22:50:16,29.6,-10.28,29.12,-1029.51
2024-01-06 22:50:16,32.76,-8.34,32.3,-1025.65
2024-01-06 22:50:16,30.1,-17.85,6.81,-1023.61
2024-01-06 22:50:17,25.55,-6.08,25.43,-1012.4
2024-01-06 22:50:17,28.91,-2.08,27.01,-1014.3
2024-01-06 22:50:17,28.58,-4.59,7.63,-1011.76
2024-01-06 22:50:17,30.75,-10.28,6.51,-1019.78
2024-01-06 22:50:17,27.52,-18.2,5.18,-1024.76
2024-01-06 22:50:17,30.41,-0.6,12.92,-1024.43
2024-01-06 22:50:17,30.5,-0.93,23.65,-1023.07
2024-01-06 22:50:17,31.29,-20.48,34.64,-1025.47
2024-01-06 22:50:17,32.5,-14.55,11.82,-1015.7
2024-01-06 22:50:17,29.48,-19.88,15.9,-1026.13
2024-01-06 22:50:18,32.45,3.71,26.98,-1024.05
2024-01-06 22:50:18,31.49,-8.07,24.24,-1026.17
2024-01-06 22:50:18,30.41,-20.15,18.25,-1028.95
2024-01-06 22:50:18,26.78,-24.48,18.89,-1018.09
2024-01-06 22:50:18,27.59,-4.82,12.76,-1029.23
2024-01-06 22:50:18,27.28,-5.71,23.2,-1027.77
2024-01-06 22:50:18,30.41,-16.92,26.17,-1027.41
2024-01-06 22:50:18,30.86,-18.32,8.62,-1025.01
2024-01-06 22:50:19,30.29,0.68,29.75,-1017.1
2024-01-06 22:50:19,29.97,-5.94,11.4,-1020.26
2024-01-06 22:50:19,25.77,-11.38,25.2,-1019.91
2024-01-06 22:50:19,28.8,-0.82,11.04,-1018.76
2024-01-06 22:50:19,32.81,-20.84,30.16,-1017.85
2024-01-06 22:50:19,28.69,-1.6,10.56,-1019.15
2024-01-06 22:50:19,26.32,1.02,30.11,-1011.53
2024-01-06 22:50:20,31.69,-15.48,21.8,-1013.86
2024-01-06 22:50:20,30.26,-19.02,22.25,-1023.93
2024-01-06 22:50:20,28.52,-18.46,6.52,-1029.08
2024-01-06 22:50:20,26.32,-13.97,17.55,-1015.85
2024-01-06 22:50:20,25.59,-22.17,11.63,-1028.77
2024-01-06 22:50:20,28.81,-22.52,12.12,-1022.51
2024-01-06 22:50:20,31.97,1.98,23.97,-1021.38
2024-01-06 22:50:20,32.69,-2.01,10.11,-1016.71
2024-01-06 22:50:20,31.8,-24.02,31.26,-1024.33
2024-01-06 22:50:21,31.55,-10.83,10.91,-1011.67
2024-01-06 22:50:21,30.01,-4.76,15.78,-1027.83
2024-01-06 22:50:21,28.73,-13.75,12.72,-1011.62
2024-01-06 22:50:21,30.52,4.78,28.44,-1028.83
2024-01-06 22:50:21,26.18,-0.65,16.39,-1012.76
2024-01-06 22:50:21,28.39,-16.84,20.19,-1021.45
2024-01-06 22:50:21,31.24,-13.7,7.85,-1013.08
2024-01-06 22:50:21,26.58,-24.64,23.14,-1026.75
2024-01-06 22:50:21,27.9,-1.74,34.24,-1021.78
2024-01-06 22:50:21,25.08,-15.13,25.36,-1023.42
2024-01-06 22:50:22,31.85,-1.77,22.65,-1026.3
2024-01-06 22:50:22,27.47,-20.48,16,-1024.49
2024-01-06 22:50:22,32.45,-7.39,24.02,-1018.82
2024-01-06 22:50:22,27.57,-21.13,26.03,-1020.66
2024-01-06 22:50:22,30.81,0.29,22.72,-1029.74
2024-01-06 22:50:22,26.9,-20.28,18.01,-1021.74
2024-01-06 22:50:22,27.27,-23.47,13.24,-1011.42
2024-01-06 22:50:22,25.91,-6.95,21.73,-1028.37
2024-01-06 22:50:23,29.75,0.13,16.43,-1025.96
2024-01-06 22:50:23,28.46,-4.05,14.09,-1025.8
2024-01-06 22:50:23,25.32,-19.91,5.85,-1021.32
2024-01-06 22:50:23,28.5,-19.83,26.99,-1015.1
2024-01-06 22:50:23,28.56,-8.99,30.32,-1019.68
2024-01-06 22:50:23,32.03,-5.53,6.26,-1013.29
2024-01-06 22:50:23,26.85,-24.46,21.56,-1025.26
2024-01-06 22:50:23,30.7,1.27,28.4,-1017.62
2024-01-06 22:50:23,27.49,-11.95,12.99,-1016.56
2024-01-06 22:50:23,29.59,-18.99,32.6,-1026.45
2024-01-06 22:50:24,27.38,-24.83,32.27,-1026.61
2024-01-06 22:50:24,26.32,-6.26,22.04,-1011.33
2024-01-06 22:50:24,29.45,-0.41,5.9,-1017.77
2024-01-06 22:50:24,28.7,-10.17,23.4,-1022.07
2024-01-06 22:50:24,27.62,-24.17,27.32,-1028.01
2024-01-06 22:50:24,29.82,-18.49,6.63,-1016.95
2024-01-06 22:50:24,26.49,-6.53,21.87,-1027.92
2024-01-06 22:50:24,31.38,-7.36,29.12,-1025.3
2024-01-06 22:50:24,32.51,-18.24,11.02,-1017.66
2024-01-06 22:50:25,29.08,-16.68,29.19,-1021.34
2024-01-06 22:50:25,27.14,-4.1,13.4,-1022.85
2024-01-06 22:50:25,31.14,-19.89,14.42,-1012.19
2024-01-06 22:50:25,25.38,-3.75,34.45,-1019.64
2024-01-06 22:50:25,27.11,-15.27,6.94,-1025.63
2024-01-06 22:50:25,28.75,-11.91,28.04,-1016.54
2024-01-06 22:50:25,28.85,-0.47,12.14,-1021.48
2024-01-06 22:50:25,31.54,0.6,28.6,-1023.84
2024-01-06 22:50:25,26.21,-6.9,9.41,-1016.94
2024-01-06 22:50:26,28.64,-2.32,9.63,-1016.52
2024-01-06 22:50:26,30.53,-22.25,34.02,-1011.6
2024-01-06 22:50:26,29.59,-4.03,28.12,-1027.29
2024-01-06 22:50:26,27.24,-13.58,22.79,-1027.87
2024-01-06 22:50:26,26.87,-4.31,24.06,-1027.57
2024-01-06 22:50:26,30.99,-21.76,15.48,-1020.69
2024-01-06 22:50:26,29.8,-22.71,13.36,-1028.86
2024-01-06 22:50:26,30.62,-11.24,21.97,-1021.02
2024-01-06 22:50:26,27.62,-12.86,10.12,-1021.57
2024-01-06 22:50:27,29.15,-14.97,12.87,-1026.05
2024-01-06 22:50:27,29.7,-23.49,20.26,-1011.21
2024-01-06 22:50:27,26.46,3.71,11.69,-1026.54
2024-01-06 22:50:27,26.74,-17.14,22.93,-1027.06
2024-01-06 22:50:27,27.1,-19.79,16.86,-1012.23
2024-01-06 22:50:27,29.99,3.79,6.38,-1021.47
2024-01-06 22:50:27,29.85,-2.22,24.66,-1017.28
2024-01-06 22:50:27,26.89,-2.69,10.51,-1016.86
2024-01-06 22:50:28,25.18,-3.69,34.74,-1026.94
2024-01-06 22:50:28,31.27,-22.97,19.99,-1029.19
2024-01-06 22:50:28,26.99,-16.75,18.3,-1026.03
2024-01-06 22:50:28,30.77,-1.55,34.98,-1016.64
2024-01-06 22:50:28,26.77,-18.14,20.44,-1019.86
2024-01-06 22:50:28,28.78,0.55,30.08,-1026.89
2024-01-06 22:50:28,26.65,-6.93,30.03,-1015.42
2024-01-06 22:50:28,30.52,-22.18,7.08,-1013.54
2024-01-06 22:50:29,31.56,-21.29,11.01,-1027.68
2024-01-06 22:50:29,29.39,-22.92,15.12,-1012.41
2024-01-06 22:50:29,29.74,-1.48,32.49,-1016.66
2024-01-06 22:50:29,26.61,-11.65,33.28,-1027.1
2024-01-06 22:50:29,27.04,-24.95,11.14,-1026.31
2024-01-06 22:50:29,29.28,3.16,14.51,-1012.07
2024-01-06 22:50:30,25.33,-18.43,27.85,-1026.38
2024-01-06 22:50:30,29.67,-21.04,22.39,-1019.21
2024-01-06 22:50:30,28.28,-14.85,20.17,-1011.28
2024-01-06 22:50:30,30.48,4.45,12.85,-1024.2
2024-01-06 22:50:30,25.15,0.83,28.27,-1016.07
2024-01-06 22:50:30,30.85,-15.4,24.97,-1028.87
2024-01-06 22:50:30,29.35,4.12,17.83,-1027.19
2024-01-06 22:50:31,27.76,-7.55,33.99,-1025.54
2024-01-06 22:50:31,28.61,-22.81,10.24,-1026.64
2024-01-06 22:50:31,32.19,-20.17,32.97,-1013.96
2024-01-06 22:50:31,29.67,-8.29,21.55,-1024.67
2024-01-06 22:50:31,25.18,-10.62,27.77,-1029.87
2024-01-06 22:50:31,27.37,-11.3,6.65,-1015.97
2024-01-06 22:50:31,31.14,4.12,5.15,-1015.63
2024-01-06 22:50:31,31.08,-14.27,22.44,-1023.98
2024-01-06 22:50:32,30.58,-8.97,33.3,-1025.45
2024-01-06 22:50:32,30.67,-6.66,5.51,-1027.73
2024-01-06 22:50:32,27.4,-1.92,34.5,-1016.45
2024-01-06 22:50:32,29.56,3.5,25.83,-1020.87
2024-01-06 22:50:32,27.3,-8.39,20.62,-1019.75
2024-01-06 22:50:32,29.37,-1.83,26.18,-1018.23
2024-01-06 22:50:32,31.89,-6.17,6.94,-1021.49
2024-01-06 22:50:32,32.35,0.73,8.53,-1024.1
2024-01-06 22:50:32,25.12,-13.68,20.79,-1015.04
2024-01-06 22:50:33,27.85,-10.04,31.16,-1022.2
2024-01-06 22:50:33,29.35,-17.66,29.18,-1027.24
2024-01-06 22:50:33,27.16,-6.76,29.09,-1019.91
2024-01-06 22:50:33,29.63,-15.32,28.94,-1023.78
2024-01-06 22:50:33,28.56,-14.49,26.03,-1014.66
2024-01-06 22:50:33,30.69,-9.84,32.61,-1025.06
2024-01-06 22:50:33,31.92,-10.66,10.12,-1027.65
2024-01-06 22:50:33,28,3.52,29.55,-1011.13
2024-01-06 22:50:33,29.06,-9.57,18.31,-1022.05
2024-01-06 22:50:33,30.23,-4.58,34.21,-1017.67
2024-01-06 22:50:34,32.51,2.64,34.42,-1015.94
2024-01-06 22:50:34,30.51,-7.51,30.74,-1021.12
2024-01-06 22:50:34,32.64,-15.08,9.07,-1022.37
2024-01-06 22:50:34,26.07,3.01,13.4,-1024.96
2024-01-06 22:50:34,31.97,-7.9,13.81,-1020.18
2024-01-06 22:50:34,27.1,-10.24,13.74,-1015.25
2024-01-06 22:50:34,31.77,-8.86,22.92,-1021.61
2024-01-06 22:50:34,25.77,-19.98,14.5,-1023.36
2024-01-06 22:50:34,32.39,0.21,20.5,-1014.16
2024-01-06 22:50:35,25.6,-3.24,21.27,-1029.41
2024-01-06 22:50:35,29.58,-21.6,18.87,-1013.74
2024-01-06 22:50:35,30.21,-0.43,30.55,-1017.52
2024-01-06 22:50:35,27.98,-14,22.22,-1011.49
2024-01-06 22:50:35,25.36,-10.34,14.74,-1020.82
2024-01-06 22:50:35,27.22,-7.24,10.68,-1013.16
2024-01-06 22:50:35,25.56,-13.89,10.51,-1024.21
2024-01-06 22:50:35,32.13,3.38,7.55,-1016.89
2024-01-06 22:50:35,28.99,3.9,27.42,-1017.33
2024-01-06 22:50:35,28.84,-10.57,5.39,-1017.52
2024-01-06 22:50:36,27.8,-5.58,19.61,-1015.41
2024-01-06 22:50:36,27.88,-3.35,9.89,-1017.46
2024-01-06 22:50:36,25.9,-15.67,32.31,-1022.68
2024-01-06 22:50:36,28.74,-16.49,18.54,-1011.6
2024-01-06 22:50:36,28.36,-6.55,34.26,-1029.04
2024-01-06 22:50:36,29.55,-12.63,30.25,-1028.22
2024-01-06 22:50:36,27.96,-7.93,9.43,-1017.49
2024-01-06 22:50:36,30.58,0.48,31.97,-1027.55
2024-01-06 22:50:36,29.88,1.12,18.79,-1022.27
2024-01-06 22:50:36,25.23,-5.65,7.2,-1029.88
2024-01-06 22:50:37,31.75,-16.26,25.82,-1026.55
2024-01-06 22:50:37,30.18,-16.28,16.81,-1021.87
2024-01-06 22:50:37,26.43,-22.92,27.48,-1026.12
2024-01-06 22:50:37,30.4,-12.89,28.62,-1014.73
2024-01-06 22:50:37,25.29,-1.35,9.11,-1025.3
2024-01-06 22:50:37,25.07,-2.22,20.36,-1019.17
2024-01-06 22:50:37,27.65,-3.55,23.65,-1025.16
2024-01-06 22:50:37,32.34,-22.76,30.5,-1022.12
2024-01-06 22:50:37,25.76,-0.23,22.05,-1019.27
2024-01-06 22:50:38,28.67,-9.41,34.22,-1022.42
2024-01-06 22:50:38,32.43,-11.35,12.71,-1026.15
2024-01-06 22:50:38,25.79,-22.96,31.15,-1016.82
2024-01-06 22:50:38,30.3,1.32,28.45,-1026.79
2024-01-06 22:50:38,32.99,3.32,17.81,-1019.21
2024-01-06 22:50:38,29.58,-20.83,22.16,-1017.05
2024-01-06 22:50:38,32.25,4.67,27.25,-1017.78
2024-01-06 22:50:38,32.85,-21.52,16.22,-1020.67
2024-01-06 22:50:38,25.55,-2.93,29.81,-1011.81
2024-01-06 22:50:39,29.65,4.05,21.22,-1015.36
2024-01-06 22:50:39,29.8,-23.26,18.72,-1027.76
2024-01-06 22:50:39,32.6,-22.21,29.32,-1024.72
2024-01-06 22:50:39,27.68,-16.01,33.8,-1027.47
2024-01-06 22:50:39,30.18,-4.22,8.84,-1016.08
2024-01-06 22:50:39,30.13,-20.22,16.78,-1012.1
2024-01-06 22:50:39,32.13,-1.17,11.27,-1020.73
2024-01-06 22:50:39,27.91,1.06,26.84,-1012.43
2024-01-06 22:50:39,31.77,-14.2,23.37,-1021.52
2024-01-06 22:50:39,25.53,-24.25,25.58,-1024.8
2024-01-06 22:50:40,28.45,-0.93,22.3,-1019.23
2024-01-06 22:50:40,26.14,0.32,24.26,-1020.49
2024-01-06 22:50:40,31.63,2.08,22.86,-1013.59
2024-01-06 22:50:40,26.41,-10.84,30.97,-1029.1
2024-01-06 22:50:40,26.52,-16.71,30.79,-1021.81
2024-01-06 22:50:40,28.86,4.72,9.54,-1020.95
2024-01-06 22:50:40,26.43,-17.53,9.91,-1019.22
2024-01-06 22:50:40,32.28,-5.7,26.5,-1027.49
2024-01-06 22:50:40,25.23,-24.82,5.17,-1028.2
2024-01-06 22:50:41,28.42,-1.03,6.84,-1025.14
2024-01-06 22:50:41,28.92,-8.67,8.22,-1012
2024-01-06 22:50:41,28.1,0.48,20.04,-1027.81
2024-01-06 22:50:41,32.78,-11.02,15.74,-1024.6
2024-01-06 22:50:41,25.85,-12.07,21.95,-1024.22
2024-01-06 22:50:41,27.2,-15.1,27.62,-1017.69
2024-01-06 22:50:41,28.38,-6.04,9.9,-1018.57
2024-01-06 22:50:41,29.85,0.41,23.71,-1025.06
2024-01-06 22:50:41,32.1,-17.41,9.19,-1013
2024-01-06 22:50:42,32.28,-12.29,28.86,-1021.81
2024-01-06 22:50:42,31.02,-0.42,30.63,-1029.82
2024-01-06 22:50:42,28.65,-14.76,28.89,-1015.95
2024-01-06 22:50:42,27.31,-6.4,21.38,-1013.24
2024-01-06 22:50:42,28.91,-8.58,24.57,-1019.74
2024-01-06 22:50:42,30.66,1.03,22.78,-1020.31
2024-01-06 22:50:42,32.38,-16.7,12.48,-1023.51
2024-01-06 22:50:42,25.2,-13.7,19.36,-1027.03
2024-01-06 22:50:42,32.37,-1.96,14.73,-1023.55
2024-01-06 22:50:43,31.11,-17.41,30.46,-1013.3
2024-01-06 22:50:43,29.9,-13.66,10.61,-1026.94
2024-01-06 22:50:43,29.29,-6.57,6,-1018.19
2024-01-06 22:50:43,25.74,-13.34,28.84,-1016.32
2024-01-06 22:50:43,27.36,-14.34,32.79,-1020.46
2024-01-06 22:50:43,25.02,2.93,28.54,-1025.48
2024-01-06 22:50:43,30.5,-16.73,15.96,-1021.14
2024-01-06 22:50:43,26.06,-9.72,34.94,-1029.46
2024-01-06 22:50:43,25.46,-19.93,23.33,-1028.53
2024-01-06 22:50:44,31.27,-13.7,16.35,-1016.5
2024-01-06 22:50:44,29.88,-23.64,12.63,-1011.62
2024-01-06 22:50:44,32.37,-6.58,16.32,-1020.47
2024-01-06 22:50:44,32.01,-17.88,31.73,-1020.44
2024-01-06 22:50:44,30.23,-13.81,14.73,-1025.85
2024-01-06 22:50:44,27.06,-9.54,13.56,-1023.11
2024-01-06 22:50:44,30.85,-22.28,20.71,-1017.35
2024-01-06 22:50:44,25.26,-14.15,24.23,-1011.44
2024-01-06 22:50:45,32.17,-1.61,20.05,-1020.48
2024-01-06 22:50:45,25.49,-18.19,12.5,-1023.7
2024-01-06 22:50:45,30.31,-9.99,17.92,-1017.9
2024-01-06 22:50:45,27.35,-3.9,34.15,-1028.95
2024-01-06 22:50:45,30.3,-22.5,6.6,-1019.85
2024-01-06 22:50:45,31.36,-12.35,11.74,-1028.43
2024-01-06 22:50:45,29.27,3.52,33.42,-1027.11
2024-01-06 22:50:45,30.9,-16.4,12.23,-1011.89
2024-01-06 22:50:45,26.62,4.02,33.96,-1014.54
2024-01-06 22:50:46,27.36,3.38,9.14,-1019.14
2024-01-06 22:50:46,31.57,-20,11.92,-1017.26
2024-01-06 22:50:46,30.61,-11.47,19.57,-1023.44
2024-01-06 22:50:46,29.61,-20.98,9.66,-1022.58
2024-01-06 22:50:46,31.86,-18.19,23.58,-1025.77
2024-01-06 22:50:46,27.35,3.3,32.21,-1016.72
2024-01-06 22:50:46,32.41,-9.58,6.17,-1014.71
2024-01-06 22:50:46,26.73,-18.26,27.26,-1016.65
2024-01-06 22:50:47,28.12,-17.49,6.74,-1027.73
2024-01-06 22:50:47,27.1,-8.34,27.27,-1017.85
2024-01-06 22:50:47,32.13,-15.39,31.36,-1029.31
2024-01-06 22:50:47,28.84,-7.94,13.23,-1029.51
2024-01-06 22:50:47,26.49,-8.78,30.46,-1017.61
2024-01-06 22:50:47,32.04,-20.63,23.88,-1012.74
2024-01-06 22:50:47,30.77,-17.9,33.77,-1013.01
2024-01-06 22:50:47,25.3,-21.1,17.2,-1028.02
2024-01-06 22:50:48,26.04,0.68,13.64,-1028.18
2024-01-06 22:50:48,26.29,-14.76,28.71,-1017.85
2024-01-06 22:50:48,25.26,-23.76,23.34,-1015.87
2024-01-06 22:50:48,29.91,-18.62,27.18,-1026.74
2024-01-06 22:50:48,32.76,-12.97,34.94,-1015.06
2024-01-06 22:50:48,30.21,-23.75,22.11,-1020.31
2024-01-06 22:50:48,29.31,-23.79,32.53,-1025.53
2024-01-06 22:50:48,32.5,-17.23,22.72,-1013.78
2024-01-06 22:50:49,25.74,-12.47,11.09,-1025.03
2024-01-06 22:50:49,29.33,-1.68,26.64,-1018.58
2024-01-06 22:50:49,28.12,-4.17,19.78,-1012.25
2024-01-06 22:50:49,31.59,1.27,23.19,-1012.23
2024-01-06 22:50:49,30.5,-11.24,5.78,-1029.16
2024-01-06 22:50:49,32.4,4.61,8.28,-1015.03
2024-01-06 22:50:49,32.79,-21.38,12.89,-1019.86
2024-01-06 22:50:49,30.12,-12.75,9.1,-1023.09
2024-01-06 22:50:50,27.02,2.48,29.55,-1019.28
2024-01-06 22:50:50,28.9,-24.35,10.74,-1021.92
2024-01-06 22:50:50,29.31,-0.18,9.72,-1018.89
2024-01-06 22:50:50,25.93,-2.32,33.8,-1026.09
2024-01-06 22:50:50,31.34,1.5,29.43,-1015.18
2024-01-06 22:50:50,30.03,-18.96,31.38,-1025.57
2024-01-06 22:50:50,25.29,2.03,28.76,-1020.63
2024-01-06 22:50:50,27.04,-17.2,8.37,-1017.27
2024-01-06 22:50:51,32.81,-16.46,19.38,-1017.34
2024-01-06 22:50:51,32.55,-3.16,24.59,-1012.73
2024-01-06 22:50:51,28.74,-2.73,10.5,-1019
2024-01-06 22:50:51,29.33,0.29,17.98,-1021.26
2024-01-06 22:50:51,30.86,-21.23,27.55,-1014.93
2024-01-06 22:50:51,26.71,4.41,16.28,-1026.58
2024-01-06 22:50:51,29.17,-20.07,20.51,-1027.87
2024-01-06 22:50:51,29.55,4.12,12.21,-1020.21
2024-01-06 22:50:52,27.22,-11.88,25.12,-1023.13
2024-01-06 22:50:52,29,-5.2,31.62,-1023.52
2024-01-06 22:50:52,25.32,4.97,14.99,-1023.18
2024-01-06 22:50:52,25.87,-10.61,22.87,-1018.59
2024-01-06 22:50:52,27.12,-20.66,20.67,-1018.9
2024-01-06 22:50:52,30.27,-15.73,5.11,-1024.37
2024-01-06 22:50:52,32.61,-22.37,32.96,-1029.89
2024-01-06 22:50:52,29.15,-16.1,26.42,-1023.49
2024-01-06 22:50:53,26.32,-21,18.59,-1018.44
2024-01-06 22:50:53,29.97,-9.25,34.12,-1020.57
2024-01-06 22:50:53,26.01,-17.8,9.18,-1027.21
2024-01-06 22:50:53,31.41,-3.71,29.83,-1022.34
2024-01-06 22:50:53,26.98,-6.88,19.16,-1017.48
2024-01-06 22:50:53,27.43,3.73,22.03,-1020.53
2024-01-06 22:50:53,28.84,-20.81,8.23,-1029.2
2024-01-06 22:50:54,31.23,-13.88,6.77,-1021.07
2024-01-06 22:50:54,25.73,-16.41,16.23,-1020.4
2024-01-06 22:50:54,31.13,-13.43,5.86,-1021.7
2024-01-06 22:50:54,32.91,-0.06,8.92,-1017.26
2024-01-06 22:50:54,32.7,-22.04,32.19,-1029.63
2024-01-06 22:50:54,32.58,-5.02,32.16,-1020.72
2024-01-06 22:50:54,25.3,-12.46,30.76,-1020.85
2024-01-06 22:50:54,31.93,-10.07,33.04,-1022.75
2024-01-06 22:50:55,26.38,-4.79,18.04,-1017.75
2024-01-06 22:50:55,30.32,-5.9,11.96,-1012.9
2024-01-06 22:50:55,25.21,1.65,12.67,-1012.05
2024-01-06 22:50:55,27.04,-19.56,29.51,-1025.84
2024-01-06 22:50:55,25.85,-12.98,9.46,-1024.84
2024-01-06 22:50:55,27.73,-6.7,30.5,-1022.27
2024-01-06 22:50:55,27.27,-4.98,33.44,-1012.72
2024-01-06 22:50:55,32.54,-3.01,5.1,-1026.94
2024-01-06 22:50:56,29.26,-3.42,32.16,-1028.77
2024-01-06 22:50:56,30.24,-0.98,8.97,-1019.77
2024-01-06 22:50:56,26.81,-23.15,11.21,-1028.48
2024-01-06 22:50:56,29.81,-3.79,16.29,-1011.08
2024-01-06 22:50:56,25.04,-5.1,21.88,-1029.06
2024-01-06 22:50:56,28.46,-20.96,23.79,-1024.59
2024-01-06 22:50:56,28.19,-20.84,32.07,-1019.66
2024-01-06 22:50:57,30.95,-1.57,15.49,-1024.72
2024-01-06 22:50:57,25.42,4.38,10.18,-1023.79
2024-01-06 22:50:57,29.22,2.21,6.53,-1028.42
2024-01-06 22:50:57,30.97,-14.86,19.8,-1015.71
2024-01-06 22:50:57,26.09,-12.85,15.26,-1021.07
2024-01-06 22:50:57,27.19,-14.15,9.84,-1011.33
2024-01-06 22:50:58,31.94,-17.03,17.69,-1013.72
2024-01-06 22:50:58,30.71,1.76,23.75,-1015.94
2024-01-06 22:50:58,26.44,-18.61,25.94,-1012.93
2024-01-06 22:50:58,31.84,-24.38,22.43,-1015.72
2024-01-06 22:50:58,32.13,4.91,32.28,-1026.63
2024-01-06 22:50:58,31.25,-22.57,20.11,-1013.2
2024-01-06 22:50:58,32.57,-5.66,11.08,-1027.98
2024-01-06 22:50:58,30,-22.79,34.72,-1025.87
2024-01-06 22:50:59,30.14,-11.47,7.58,-1015.93
2024-01-06 22:50:59,30.89,-1.41,7.07,-1026.17
2024-01-06 22:50:59,31.99,-0.2,16.52,-1012.53
2024-01-06 22:50:59,31.01,-20.04,33.88,-1017.73
2024-01-06 22:50:59,29.16,-9.24,20.15,-1018.31
2024-01-06 22:50:59,28.9,-20.23,8.13,-1014.77
2024-01-06 22:50:59,25.67,-23.62,5.67,-1028.47
2024-01-06 22:51:00,30.06,-5.17,5.77,-1024.26
2024-01-06 22:51:00,30.75,-7.07,5.63,-1022.13
2024-01-06 22:51:00,32.6,-2.56,24.53,-1015.03
2024-01-06 22:51:00,29.01,-5.33,28.15,-1020.73
2024-01-06 22:51:00,25.79,-3.72,24.2,-1025.05
2024-01-06 22:51:00,32.72,-8.56,8.12,-1025.77
2024-01-06 22:51:00,31.83,-20.41,5.97,-1011.52
2024-01-06 22:51:01,29.86,-8.34,27.46,-1011.16
2024-01-06 22:51:01,25.5,-0.37,33.67,-1021
2024-01-06 22:51:01,28.02,-13.71,20.26,-1027.07
2024-01-06 22:51:01,25.32,3.29,32.23,-1019.19
2024-01-06 22:51:01,31.32,-4.7,13.05,-1014.93
2024-01-06 22:51:01,25.72,-19.07,20.41,-1027.84
2024-01-06 22:51:01,32.02,-21.03,15.2,-1025.49
2024-01-06 22:51:01,31.38,-20.4,9.1,-1022.52
2024-01-06 22:51:02,30.37,-1.46,33.08,-1028
2024-01-06 22:51:02,31.96,-7.37,10.22,-1023.91
2024-01-06 22:51:02,29.65,-1.48,24.16,-1012.16
2024-01-06 22:51:02,29.66,-9.22,12.34,-1023.66
2024-01-06 22:51:02,30.6,1.58,25.12,-1017.33
2024-01-06 22:51:02,27.53,-16.08,26.91,-1019.22
2024-01-06 22:51:02,29.62,-23.39,22.11,-1012.56
2024-01-06 22:51:03,28.4,-17.41,14.48,-1013.82
2024-01-06 22:51:03,32.03,-6.68,7.92,-1026.88
2024-01-06 22:51:03,32.87,3.63,22.63,-1014.37
2024-01-06 22:51:03,29.19,-23.48,28.55,-1016.96
2024-01-06 22:51:03,25.22,-7.78,17.55,-1013.95
2024-01-06 22:51:03,30,-20.64,7.48,-1019.74
2024-01-06 22:51:03,32.11,-24.25,13.61,-1017.58
2024-01-06 22:51:04,32.33,-18.65,23.96,-1011.08
2024-01-06 22:51:04,25.59,-13.23,18.77,-1016.45
2024-01-06 22:51:04,30.42,-13.17,23.1,-1024.73
2024-01-06 22:51:04,32.48,1.22,8.35,-1011.65
2024-01-06 22:51:04,27.97,-13.89,21.02,-1016.53
2024-01-06 22:51:04,32.06,-0.64,27.43,-1029.33
2024-01-06 22:51:04,32.98,-9.33,15.72,-1025.85
2024-01-06 22:51:05,26.25,-17.24,34.86,-1026.61
2024-01-06 22:51:05,26.65,1.03,8.33,-1020.41
2024-01-06 22:51:05,32.33,-4.77,6.56,-1023.97
2024-01-06 22:51:05,29.37,-15.86,8.27,-1022.59
2024-01-06 22:51:05,26.22,-23.72,13.1,-1029.36
2024-01-06 22:51:05,32.01,-10.99,26.37,-1028.62
2024-01-06 22:51:05,28.59,-5.99,16.81,-1013.15
2024-01-06 22:51:06,31.69,-22.46,17.8,-1026.91
2024-01-06 22:51:06,27.35,2.38,31.93,-1019.59
2024-01-06 22:51:06,29.67,-17.37,33.22,-1028.18
2024-01-06 22:51:06,26.96,-14.27,8.8,-1013.96
2024-01-06 22:51:06,30.65,-6.85,23.84,-1015.42
2024-01-06 22:51:06,27.13,4.94,25.99,-1028.54
2024-01-06 22:51:06,29.89,-8.76,13.35,-1019.98
2024-01-06 22:51:07,27.15,-11.37,26.66,-1021.61
2024-01-06 22:51:07,31.23,-21.08,19.5,-1019.19
2024-01-06 22:51:07,27.19,-6.36,22.8,-1021.53
2024-01-06 22:51:07,29.24,2.84,28.93,-1029.8
2024-01-06 22:51:07,27.73,-23.64,17.57,-1018.87
2024-01-06 22:51:07,32.51,-6.49,17.94,-1011.27
2024-01-06 22:51:07,29.18,-23.64,17,-1019.71
2024-01-06 22:51:08,29.41,-22.99,13.17,-1023.22
2024-01-06 22:51:08,32.95,0.62,30.48,-1023.32
2024-01-06 22:51:08,30.9,-18.54,5.44,-1029.7
2024-01-06 22:51:08,25.77,-19.16,9.89,-1028.12
2024-01-06 22:51:08,26.58,-24.18,24.18,-1019.39
2024-01-06 22:51:08,27.38,-13.89,27.16,-1027.37
2024-01-06 22:51:09,25.85,-2.81,18.36,-1025.35
2024-01-06 22:51:09,30.5,4.26,6.5,-1027.86
2024-01-06 22:51:09,30.39,-14.12,7.25,-1026.7
2024-01-06 22:51:09,28.98,-2.38,26.83,-1017.06
2024-01-06 22:51:09,27.64,-24.45,19.59,-1028.81
2024-01-06 22:51:09,29.5,-22.63,14.12,-1013.36
2024-01-06 22:51:09,27.81,-0.95,27.36,-1025.22
2024-01-06 22:51:10,32.63,1.78,10.04,-1012.27
2024-01-06 22:51:10,31.07,4.27,9.85,-1016.28
2024-01-06 22:51:10,26.84,-5.81,14.12,-1027.43
2024-01-06 22:51:10,29.59,-0.49,14.01,-1025.96
2024-01-06 22:51:10,29.34,-4.63,10.61,-1023.49
2024-01-06 22:51:10,25.54,-5.25,12.55,-1021.1
2024-01-06 22:51:10,32.24,-23.45,23.36,-1018.31
2024-01-06 22:51:11,30.32,2.85,28.09,-1026.32
2024-01-06 22:51:11,30.35,-23.87,14.45,-1029.41
2024-01-06 22:51:11,31.29,-8.72,27.53,-1013.52
2024-01-06 22:51:11,31.27,-19.79,6.49,-1013.97
2024-01-06 22:51:11,30.13,4.24,26.89,-1013.86
2024-01-06 22:51:11,30.18,3.03,18.79,-1019.18
2024-01-06 22:51:11,29.01,-23.48,6.3,-1028.91
2024-01-06 22:51:12,25.35,-18.6,31.76,-1015.76
2024-01-06 22:51:12,26.22,-21.45,34.66,-1025.78
2024-01-06 22:51:12,25.19,-20.27,7.04,-1017.96
2024-01-06 22:51:12,30.58,1.1,7.77,-1024.39
2024-01-06 22:51:12,30.3,-17.02,33.15,-1016.68
2024-01-06 22:51:12,30.9,-21.71,7.44,-1013.96
2024-01-06 22:51:13,25.72,-3.07,6.47,-1026
2024-01-06 22:51:13,27.08,-14.03,8.31,-1021.32
2024-01-06 22:51:13,29.72,2.67,24.55,-1025.21
2024-01-06 22:51:13,27.28,-3.02,10.36,-1016.83
2024-01-06 22:51:13,30.57,-21.26,24.14,-1028.49
2024-01-06 22:51:13,30.74,-21.55,25.31,-1025.64
2024-01-06 22:51:13,32.72,-3.06,23.87,-1017.81
2024-01-06 22:51:14,30.45,-3.32,20.09,-1024.59
2024-01-06 22:51:14,31.71,1.38,7.88,-1014.48
2024-01-06 22:51:14,25.72,-11.29,6.67,-1014.59
2024-01-06 22:51:14,32.83,-12.68,27.98,-1020.01
2024-01-06 22:51:14,30.78,-3.43,12.55,-1017.04
2024-01-06 22:51:14,27.07,-9.29,16.28,-1025.37
2024-01-06 22:51:15,30.72,-0.17,28.75,-1029.92
2024-01-06 22:51:15,29.62,-3.74,27.27,-1019.06
2024-01-06 22:51:15,28.79,-4.41,13.24,-1017.84
2024-01-06 22:51:15,32.31,-4.76,22.05,-1012.23
2024-01-06 22:51:15,28.28,-15.27,6.38,-1015.48
2024-01-06 22:51:15,28.08,-19.07,22.8,-1028.36
2024-01-06 22:51:15,28.21,3.63,18.12,-1019.82
2024-01-06 22:51:16,25.12,-2.26,27.33,-1027.93
2024-01-06 22:51:16,25.12,-17.5,19.45,-1023.06
2024-01-06 22:51:16,25.65,-2.73,29.32,-1020.09
2024-01-06 22:51:16,32.6,-10.74,7.76,-1029.81
2024-01-06 22:51:16,31.21,1.98,24.6,-1012.65
2024-01-06 22:51:16,32.34,-22.66,16.86,-1014.77
2024-01-06 22:51:17,26.09,-0.03,9.73,-1029.53
2024-01-06 22:51:17,29.6,-5.15,29.7,-1019.33
2024-01-06 22:51:17,30.87,-4.78,25.48,-1026.32
2024-01-06 22:51:17,32.97,-14.25,14.77,-1029.19
2024-01-06 22:51:17,29.75,-9.34,13.2,-1019.91
2024-01-06 22:51:17,25.28,-7.12,14.87,-1029.88
2024-01-06 22:51:18,30.67,-14.92,15.25,-1021.86
2024-01-06 22:51:18,28.02,-11.92,26.79,-1024.51
2024-01-06 22:51:18,29.89,-6.41,32.6,-1011.86
2024-01-06 22:51:18,30.14,-10.04,9.01,-1022.71
2024-01-06 22:51:18,25.4,-13.72,7.06,-1021.25
2024-01-06 22:51:18,28.18,-16.14,15.12,-1015.83
2024-01-06 22:51:18,27.53,-5.32,27,-1026.9
2024-01-06 22:51:19,32.16,4.65,30.81,-1016.19
2024-01-06 22:51:19,32.16,0.74,9.97,-1029.03
2024-01-06 22:51:19,30.96,-6.35,13.23,-1016.07
2024-01-06 22:51:19,29.94,-16.76,28.67,-1014.16
2024-01-06 22:51:19,28.24,-0.77,12.73,-1020.79
2024-01-06 22:51:19,27.97,-16.75,27.69,-1026.25
2024-01-06 22:51:20,30.26,-20.68,33.28,-1015.27
2024-01-06 22:51:20,29.9,1.75,20.95,-1014.84
2024-01-06 22:51:20,31.07,-1.69,30.65,-1013.7
2024-01-06 22:51:20,26,-24.3,8.95,-1011.1
2024-01-06 22:51:20,32.58,-19.45,12.09,-1020.21
2024-01-06 22:51:20,29.14,-9.86,20.52,-1029.15
2024-01-06 22:51:20,32.44,-7.89,5.3,-1025.99
2024-01-06 22:51:21,26.51,2.56,18.25,-1024.3
2024-01-06 22:51:21,29.05,-17.16,14.33,-1017.32
2024-01-06 22:51:21,30.69,-6.78,17.12,-1023.44
2024-01-06 22:51:21,32.53,-0.6,14.49,-1021.29
2024-01-06 22:51:21,27.93,-6.01,28.02,-1023.07
2024-01-06 22:51:21,27.57,0.49,33.49,-1026.61
2024-01-06 22:51:22,32.68,-9.9,21.3,-1025.53
2024-01-06 22:51:22,26.6,3.28,34.86,-1011.82
2024-01-06 22:51:22,25.89,-19.76,32.81,-1021.18
2024-01-06 22:51:22,30.86,3.15,20.81,-1011.61
2024-01-06 22:51:22,30.08,4.09,29.86,-1018.98
2024-01-06 22:51:22,31.03,2.8,23.21,-1026.73
2024-01-06 22:51:23,30.71,-4.06,32.26,-1029.33
2024-01-06 22:51:23,25.7,-14.59,16.22,-1013.04
2024-01-06 22:51:23,28.33,-2.39,16.76,-1013.86
2024-01-06 22:51:23,27.46,-8.65,21.72,-1015.31
2024-01-06 22:51:23,32.51,-9.53,28.77,-1024.34
2024-01-06 22:51:23,25.72,-16.02,6.52,-1013.35
2024-01-06 22:51:24,26.87,-18.67,25.49,-1026.58
2024-01-06 22:51:24,29.63,-22.12,26.56,-1019.3
2024-01-06 22:51:24,26.98,4.65,22.04,-1027.9
2024-01-06 22:51:24,26.78,1.5,12.21,-1020.53
2024-01-06 22:51:24,31.62,-2.87,15.2,-1011.09
2024-01-06 22:51:25,25.5,-21.34,6.15,-1027.05
2024-01-06 22:51:25,27.56,-9.71,15.26,-1027.37
2024-01-06 22:51:25,31.03,-23.25,25.37,-1024.74
2024-01-06 22:51:25,25.75,-9.18,6.02,-1015.48
2024-01-06 22:51:25,27.2,-3.75,5.55,-1019.26
2024-01-06 22:51:25,25.73,-24,25.14,-1020.37
2024-01-06 22:51:26,25.56,2.33,8.99,-1026.77
2024-01-06 22:51:26,25.64,1.3,27.63,-1020.85
2024-01-06 22:51:26,29.04,-14.13,5.5,-1026.17
2024-01-06 22:51:26,25.52,-14.35,8.74,-1012.37
2024-01-06 22:51:26,32.96,-5.33,16.48,-1018.69
2024-01-06 22:51:26,30.84,-11.76,26.28,-1015.99
2024-01-06 22:51:27,30.22,-3.49,30.66,-1022.86
2024-01-06 22:51:27,26.43,-3.37,22.44,-1026.39
2024-01-06 22:51:27,27.57,-10.67,5.18,-1018.47
2024-01-06 22:51:27,25.59,3.67,17.82,-1017.17
2024-01-06 22:51:27,31.58,-15.26,11.47,-1017.71
2024-01-06 22:51:27,28.32,-8.6,32.1,-1013.68
2024-01-06 22:51:28,27.66,-1.49,34.88,-1015.28
2024-01-06 22:51:28,25.29,-3.79,19.03,-1023.7
2024-01-06 22:51:28,26.37,-21.95,30.09,-1017.24
2024-01-06 22:51:28,28.7,-20.63,11.81,-1018.83
2024-01-06 22:51:28,28.47,-10.68,8.09,-1021.74
2024-01-06 22:51:28,28.29,-14.85,34.75,-1027.59
2024-01-06 22:51:29,31.02,-12.4,12.28,-1026.85
2024-01-06 22:51:29,27.23,-16.47,29.38,-1020
2024-01-06 22:51:29,31.59,-12.03,11.3,-1024.43
2024-01-06 22:51:29,29.41,-16.74,7.69,-1021.96
2024-01-06 22:51:29,29.67,-14.3,25.67,-1012.03
2024-01-06 22:51:29,30.92,-5.25,14.68,-1020.04
2024-01-06 22:51:30,27.74,-13.1,21.95,-1012.35
2024-01-06 22:51:30,32.33,-22.2,7.52,-1024.2
2024-01-06 22:51:30,25.95,-15.21,14.63,-1015.24
2024-01-06 22:51:30,32.21,4.67,25.61,-1026.86
2024-01-06 22:51:30,26.88,-4.16,25.44,-1016.38
2024-01-06 22:51:30,25.39,-21.89,31.07,-1013.13
2024-01-06 22:51:31,32.94,0.52,24.99,-1012.47
2024-01-06 22:51:31,30.69,-4.68,26.12,-1013.64
2024-01-06 22:51:31,27.11,-21.1,8.63,-1016.27
2024-01-06 22:51:31,26.94,-12.53,30.02,-1026.79
2024-01-06 22:51:31,29.82,-22.56,17.19,-1015.54
2024-01-06 22:51:31,32.76,-8.39,11.24,-1028.89
2024-01-06 22:51:32,26.9,-14.43,9.52,-1017.78
2024-01-06 22:51:32,26.49,2.87,29.32,-1024.45
2024-01-06 22:51:32,27.09,-6.14,15.2,-1019.9
2024-01-06 22:51:32,30.02,2.83,32.25,-1019.03
2024-01-06 22:51:32,28.71,-16.99,27.82,-1011.55
2024-01-06 22:51:32,26.02,-5.02,10.98,-1013.66
2024-01-06 22:51:33,30.77,-9.07,11.12,-1018.41
2024-01-06 22:51:33,28.44,-24.02,34,-1026.52
2024-01-06 22:51:33,30.99,0.84,7.04,-1022.8
2024-01-06 22:51:33,29.2,4.24,24.53,-1029.56
2024-01-06 22:51:33,31.1,-0.22,28.61,-1013.26
2024-01-06 22:51:33,29.98,-18.66,10.9,-1028.55
2024-01-06 22:51:34,29.05,-14.17,12.94,-1013.54
2024-01-06 22:51:34,29.17,-16.86,15.73,-1029.77
2024-01-06 22:51:34,26.07,-21.7,15.26,-1011.76
2024-01-06 22:51:34,26.52,1.49,33.98,-1014.84
2024-01-06 22:51:34,32.31,0.89,26.81,-1029
2024-01-06 22:51:35,25.58,-17.57,16.78,-1021.33
2024-01-06 22:51:35,28.9,-23.72,12.85,-1022.88
2024-01-06 22:51:35,28.4,-6.77,24.28,-1012.91
2024-01-06 22:51:35,29.38,0.3,10.92,-1028.22
2024-01-06 22:51:35,28.65,-23.96,18.66,-1018.44
2024-01-06 22:51:35,25.86,1.77,22.2,-1011.93
2024-01-06 22:51:36,25.44,-1.04,10.9,-1019.64
2024-01-06 22:51:36,28.63,-9.94,29.57,-1013.39
2024-01-06 22:51:36,30.67,2.42,22.13,-1016.26
2024-01-06 22:51:36,30.91,-7.1,31.96,-1020.25
2024-01-06 22:51:36,31.09,-9.7,19.79,-1023.6
2024-01-06 22:51:36,27.14,-23.05,34.46,-1026.5
2024-01-06 22:51:37,27.33,-3.16,13.89,-1015.78
2024-01-06 22:51:37,27.26,-16.14,7.78,-1024.76
2024-01-06 22:51:37,30.42,4.26,33.73,-1020.65
2024-01-06 22:51:37,29.37,-2.63,15.9,-1012.52
2024-01-06 22:51:37,26.63,-16.96,27.46,-1026.78
2024-01-06 22:51:38,26.86,4.31,12.75,-1028.29
2024-01-06 22:51:38,32.18,-21.18,7.36,-1025.41
2024-01-06 22:51:38,26.7,-2.56,21.06,-1014.36
2024-01-06 22:51:38,30.79,-24.56,12.04,-1027.91
2024-01-06 22:51:38,28.58,4.44,23.28,-1023.15
2024-01-06 22:51:38,28.49,3.68,33.86,-1013.52
2024-01-06 22:51:39,27.72,-3,9.98,-1025.18
2024-01-06 22:51:39,30.8,-14.76,24.97,-1018.82
2024-01-06 22:51:39,30.21,-8.93,30.64,-1015.64
2024-01-06 22:51:39,28.41,-5.45,25.05,-1021.4
2024-01-06 22:51:39,25.88,-24.47,13.88,-1012.87
2024-01-06 22:51:39,29.43,-5.24,29.64,-1015.05
2024-01-06 22:51:40,32.92,-17.33,13.35,-1026.43
2024-01-06 22:51:40,29.11,2.17,26.32,-1016.15
2024-01-06 22:51:40,29.38,1.46,23.33,-1023.49
2024-01-06 22:51:40,32.27,-12.81,18.96,-1029.95
2024-01-06 22:51:40,27.97,1.6,7.19,-1020.89
2024-01-06 22:51:41,27.68,-21.99,22.79,-1020.81
2024-01-06 22:51:41,32.26,-11.18,22.44,-1024.68
2024-01-06 22:51:41,31.66,-16.11,14.37,-1011.27
2024-01-06 22:51:41,31.63,-1.9,7.01,-1015.72
2024-01-06 22:51:41,25.88,-3.84,12.16,-1013.12
2024-01-06 22:51:41,31.55,-19.95,7.23,-1011.73
2024-01-06 22:51:42,31.66,-7.63,27.49,-1027.16
2024-01-06 22:51:42,29.35,-14.67,25.26,-1018.28
2024-01-06 22:51:42,25.26,3.8,30.73,-1020.36
2024-01-06 22:51:42,32.53,-2.16,20.33,-1015.49
2024-01-06 22:51:42,28.57,-13.34,28.25,-1026.77
2024-01-06 22:51:43,29.56,-9.31,23.8,-1021.04
2024-01-06 22:51:43,29.01,-21.86,5.81,-1028.31
2024-01-06 22:51:43,25.23,-20.11,7.92,-1012.45
2024-01-06 22:51:43,29.13,4.04,21.9,-1012.45
2024-01-06 22:51:43,27.1,-9.68,32.75,-1014.52
2024-01-06 22:51:43,26.14,-5.5,9.35,-1029.6
2024-01-06 22:51:44,29,-22.55,28.88,-1018.07
2024-01-06 22:51:44,28.93,-9.35,11.75,-1015.15
2024-01-06 22:51:44,29.97,-8.17,19.75,-1020.99
2024-01-06 22:51:44,28.34,-6.49,28.65,-1029.51
2024-01-06 22:51:44,28.65,-22.47,34.72,-1023.26
2024-01-06 22:51:45,31.16,0.91,25.3,-1029.15
2024-01-06 22:51:45,30.47,-23.4,32.85,-1018.62
2024-01-06 22:51:45,26.55,-4.11,22.15,-1018.66
2024-01-06 22:51:45,28.25,-17.85,25.63,-1017.63
2024-01-06 22:51:45,29.32,-9.37,23.22,-1022.24
2024-01-06 22:51:46,30.85,-19.54,11.77,-1022.52
2024-01-06 22:51:46,30.44,-20.43,14.21,-1027.55
2024-01-06 22:51:46,28.88,-7.57,16.9,-1026.92
2024-01-06 22:51:46,31.37,-19.09,7.87,-1017.86
2024-01-06 22:51:46,31.02,-8.44,33.32,-1011.46
2024-01-06 22:51:46,25.98,-9.32,33.28,-1012.59
2024-01-06 22:51:47,31.56,0.91,30.45,-1011.28
2024-01-06 22:51:47,29.05,-19.84,8.79,-1021.65
2024-01-06 22:51:47,32.21,-15.81,11.93,-1026.17
2024-01-06 22:51:47,29.27,-18.43,21.19,-1027.99
2024-01-06 22:51:48,26.87,-18.84,32.02,-1023.51
2024-01-06 22:51:48,31.3,-23.28,33.25,-1017.95
2024-01-06 22:51:48,25.66,2.35,17.78,-1022.6
2024-01-06 22:51:48,25.32,-20.52,25.19,-1017.83
2024-01-06 22:51:48,28.42,-3.06,33.05,-1019.73
2024-01-06 22:51:49,26.21,-12.95,17.45,-1026.4
2024-01-06 22:51:49,27.59,-20.09,9.8,-1015.4
2024-01-06 22:51:49,32.33,-21.21,31.66,-1015.38
2024-01-06 22:51:49,26.6,-2.43,13.84,-1019.95
2024-01-06 22:51:49,32.13,-15.82,33.69,-1013.66
2024-01-06 22:51:49,25.79,1.41,26.81,-1011.72
2024-01-06 22:51:50,30.43,-20.18,7.04,-1027.48
2024-01-06 22:51:50,28.71,-2.65,31.53,-1012.3
2024-01-06 22:51:50,25.32,-10.62,19.68,-1029.76
2024-01-06 22:51:50,31.62,-3.73,13.92,-1015.22
2024-01-06 22:51:50,25.33,-9.17,14.28,-1012.92
2024-01-06 22:51:51,31.78,1.47,26.08,-1019.67
2024-01-06 22:51:51,28.99,-13.6,32.43,-1029.15
2024-01-06 22:51:51,25.65,-14.91,15.71,-1027.58
2024-01-06 22:51:51,30.85,-11.14,33.67,-1023.88
2024-01-06 22:51:51,28.51,-4.94,26.93,-1023.11
2024-01-06 22:51:51,29.83,-12.58,14.98,-1027.45
2024-01-06 22:51:52,25.86,-16.41,29.43,-1024.47
2024-01-06 22:51:52,28.62,-10.18,5.5,-1014.45
2024-01-06 22:51:52,30.66,-24.8,5.01,-1012.62
2024-01-06 22:51:52,29.41,-16.88,27.29,-1015.58
2024-01-06 22:51:52,25.48,-11.75,11.81,-1027.57
2024-01-06 22:51:53,25.23,-1.45,18.6,-1029.74
2024-01-06 22:51:53,29.47,-3.05,19.92,-1026.94
2024-01-06 22:51:53,27.48,-5.22,27.72,-1023.39
2024-01-06 22:51:53,30.74,-17.76,5.88,-1013.81
2024-01-06 22:51:53,28.74,-9.26,29.24,-1024.89
2024-01-06 22:51:54,25.33,-17.98,22.06,-1020.85
2024-01-06 22:51:54,27.16,-9.46,32.47,-1019.61
2024-01-06 22:51:54,31.65,3.68,29.27,-1027.39
2024-01-06 22:51:54,27.26,-5.16,8.87,-1014.82
2024-01-06 22:51:54,29.78,-18.74,31.32,-1012.62
2024-01-06 22:51:55,27.97,-23.82,29.96,-1011.76
2024-01-06 22:51:55,28.72,-19.73,21.29,-1021.18
2024-01-06 22:51:55,29.84,-10.78,26.42,-1025.26
2024-01-06 22:51:55,28.4,4.86,15.93,-1012.05
2024-01-06 22:51:55,30.1,-0.97,22.62,-1017.27
2024-01-06 22:51:56,29.21,-18.56,19.23,-1018.1
2024-01-06 22:51:56,26.22,-0.97,25.17,-1026.23
2024-01-06 22:51:56,29.38,-23.28,16.57,-1028.4
2024-01-06 22:51:56,32.46,-6.95,32.79,-1026.08
2024-01-06 22:51:56,30.03,-4.44,32.29,-1026.38
2024-01-06 22:51:57,28.22,-22.03,28.16,-1012.44
2024-01-06 22:51:57,26.17,-1.24,25.68,-1017.95
2024-01-06 22:51:57,30.51,-12.13,17.06,-1016.31
2024-01-06 22:51:57,27.66,1.24,22.83,-1016.6
2024-01-06 22:51:57,32.73,-10.63,17.23,-1016.01
2024-01-06 22:51:58,25.87,-24.49,23.94,-1022.69
2024-01-06 22:51:58,32.35,-4.09,10.82,-1026.04
2024-01-06 22:51:58,25.4,-19.03,23.4,-1017.68
2024-01-06 22:51:58,26.84,-20.64,10.98,-1017.76
2024-01-06 22:51:58,25.86,-15.4,13.05,-1023.91
2024-01-06 22:51:59,30.41,-17.52,10.2,-1012.6
2024-01-06 22:51:59,30.85,-17.17,28.63,-1022.43
2024-01-06 22:51:59,26.14,-11.89,19.39,-1011.96
2024-01-06 22:51:59,26.94,-7.25,34.71,-1023.35
2024-01-06 22:51:59,30.8,-20.57,26.92,-1025.92
2024-01-06 22:52:00,28,-19.21,7.62,-1016.69
2024-01-06 22:52:00,25.61,-7.97,20.87,-1019.79
2024-01-06 22:52:00,27.6,2.65,16.27,-1017.7
2024-01-06 22:52:00,28.8,-16.21,13.51,-1029.4
2024-01-06 22:52:00,32.91,-2.6,15.19,-1016.58
2024-01-06 22:52:01,30.88,-10.44,12.88,-1021.48
2024-01-06 22:52:01,26.45,-10.96,13.95,-1018.39
2024-01-06 22:52:01,28.27,-15.07,17.86,-1024.75
2024-01-06 22:52:01,32.8,-11.11,8.33,-1026.16
2024-01-06 22:52:01,25.56,-13.72,11.13,-1014.52
2024-01-06 22:52:02,29.38,-18.56,27.09,-1016.25
2024-01-06 22:52:02,30.78,-19.38,30.75,-1028.24
2024-01-06 22:52:02,28.61,0.94,18.22,-1020.5
2024-01-06 22:52:02,26.97,-0.8,13.47,-1021.4
2024-01-06 22:52:02,27.28,-8.47,12.25,-1012.28
2024-01-06 22:52:03,32.92,0.56,18.36,-1014.67
2024-01-06 22:52:03,27.11,-23.25,20.48,-1014.47
2024-01-06 22:52:03,31.19,-0.03,27.32,-1023.35
2024-01-06 22:52:03,29.21,-24.5,22.58,-1021.25
2024-01-06 22:52:03,27.26,-4.28,31.92,-1018.1
2024-01-06 22:52:04,28.59,-16.97,31.53,-1027.07
2024-01-06 22:52:04,25.92,-19.47,28.03,-1023.75
2024-01-06 22:52:04,30.21,-20.41,24.48,-1018.36
2024-01-06 22:52:04,27.05,-1.44,26.63,-1013.5
2024-01-06 22:52:04,29.48,-0.62,13.14,-1013.15
2024-01-06 22:52:05,29.4,1.4,27.86,-1014.33
2024-01-06 22:52:05,26.44,-1.96,17.58,-1019.12
2024-01-06 22:52:05,25.7,-10.3,30.38,-1021.95
2024-01-06 22:52:05,27.59,-20.58,29.57,-1022.92
2024-01-06 22:52:05,30.53,0.51,32.32,-1025.15
2024-01-06 22:52:06,30.23,4.69,33.65,-1014.26
2024-01-06 22:52:06,27.11,-1.67,23.71,-1011.07
2024-01-06 22:52:06,28.36,-23.44,10.71,-1018.64
2024-01-06 22:52:06,26.76,0.46,11.07,-1025.67
2024-01-06 22:52:06,28.76,-22.11,25.53,-1015.93
2024-01-06 22:52:07,30.63,-3.27,31.07,-1023.91
2024-01-06 22:52:07,25.85,-22.98,30.81,-1027.53
2024-01-06 22:52:07,26.39,-19.35,18.35,-1025.75
2024-01-06 22:52:07,30.29,-2.51,5.16,-1026.96
2024-01-06 22:52:07,32.32,-9.06,24.56,-1015.02
2024-01-06 22:52:08,27.48,-23.53,7.03,-1028.82
2024-01-06 22:52:08,26.95,-12.86,16.9,-1025.73
2024-01-06 22:52:08,27.13,2.17,26.12,-1022.28
2024-01-06 22:52:08,28.15,0.61,8.57,-1025.83
2024-01-06 22:52:08,28.79,-7.25,29.98,-1019.22
2024-01-06 22:52:09,29.71,4.31,29.07,-1024.37
2024-01-06 22:52:09,27.56,-14.2,24.74,-1016.25
2024-01-06 22:52:09,27.75,-17.92,14.53,-1017.27
2024-01-06 22:52:09,28.62,-21.45,17.67,-1016.7
2024-01-06 22:52:09,25.03,-1.69,7.44,-1021.33
2024-01-06 22:52:10,31.2,-1.16,11.96,-1028.29
2024-01-06 22:52:10,26.84,-9.98,8.85,-1028.22
2024-01-06 22:52:10,32.03,-15.44,32.76,-1017.01
2024-01-06 22:52:10,29.46,3.78,21.21,-1023.18
2024-01-06 22:52:10,32.43,-7.26,11.15,-1029.97
2024-01-06 22:52:11,29.01,-0.26,20.74,-1020.77
2024-01-06 22:52:11,30.07,-5.98,25.09,-1020.8
2024-01-06 22:52:11,28.64,-14.22,8.97,-1018.7
2024-01-06 22:52:11,31.09,-2.8,23.85,-1022.52
2024-01-06 22:52:11,27.01,-9.25,7.47,-1023.53
2024-01-06 22:52:12,27.9,-6.43,13.17,-1017.78
2024-01-06 22:52:12,32.55,-19.16,16.56,-1016.64
2024-01-06 22:52:12,25.4,-15.28,28.08,-1021.94
2024-01-06 22:52:12,25.73,0.53,22.46,-1023.15
2024-01-06 22:52:12,25.81,-8.2,16.82,-1016.23
2024-01-06 22:52:13,26.9,4.2,20.47,-1025.9
2024-01-06 22:52:13,32.19,-8.18,12.19,-1018.75
2024-01-06 22:52:13,31.77,-15.67,24.51,-1020.44
2024-01-06 22:52:13,25.75,-1.43,21.67,-1018.86
2024-01-06 22:52:14,29.17,-3.26,10.96,-1026.52
2024-01-06 22:52:14,26.62,4.66,10.95,-1018.89
2024-01-06 22:52:14,25.72,-24.87,16.6,-1028.09
2024-01-06 22:52:14,30.15,-8.84,26.13,-1014
2024-01-06 22:52:14,32.74,-12.38,12.79,-1015.86
2024-01-06 22:52:15,27.55,-24.45,18.08,-1029.77
2024-01-06 22:52:15,28.05,-24.57,28.05,-1017.02
2024-01-06 22:52:15,27.41,0.42,17.59,-1021.93
2024-01-06 22:52:15,27.46,-11.76,20.58,-1019.37
2024-01-06 22:52:16,31.6,3.93,24.93,-1024.8
2024-01-06 22:52:16,26.42,2.04,11.01,-1017.07
2024-01-06 22:52:16,26.39,-23.52,31.36,-1011.86
2024-01-06 22:52:16,32.58,-18.93,17.59,-1014.25
2024-01-06 22:52:16,26.55,-14.5,27.5,-1023.26
2024-01-06 22:52:17,32,-20.62,8.92,-1016.57
2024-01-06 22:52:17,32.77,-24.81,7.77,-1017.6
2024-01-06 22:52:17,32.42,-7.48,8.38,-1028.27
2024-01-06 22:52:17,25.39,-11.39,31.19,-1027.26
2024-01-06 22:52:17,29.19,-16.1,9.25,-1028.47
2024-01-06 22:52:18,29.54,-6.88,27.38,-1025.55
2024-01-06 22:52:18,28.51,-17.59,33.87,-1017.21
2024-01-06 22:52:18,27.62,-2.44,17.02,-1029.55
2024-01-06 22:52:18,30.94,-11.81,7.36,-1029.41
2024-01-06 22:52:18,28.54,-24.06,24.56,-1014.1
2024-01-06 22:52:19,31.38,0.42,16.14,-1023.73
2024-01-06 22:52:19,29.62,-15.57,32.29,-1014.69
2024-01-06 22:52:19,27.31,-2.95,18.31,-1024.64
2024-01-06 22:52:19,27.38,-13.95,6.96,-1022.47
2024-01-06 22:52:20,29.22,-3.01,9.48,-1026.06
2024-01-06 22:52:20,26.64,-16.16,34.55,-1027.56
2024-01-06 22:52:20,26.27,-3.42,25.79,-1018.11
2024-01-06 22:52:20,27.82,-3.85,29.64,-1014.12
2024-01-06 22:52:20,31.79,-7.04,20.63,-1013.74
2024-01-06 22:52:21,32.58,-8.11,9.4,-1016.15
2024-01-06 22:52:21,31.09,-21.04,11.86,-1021.5
2024-01-06 22:52:21,26.94,-12.23,26.75,-1020.73
2024-01-06 22:52:21,28.09,-10.14,19.49,-1026
2024-01-06 22:52:21,28.72,-15.99,9.21,-1011.49
2024-01-06 22:52:22,32.36,-19.53,28.47,-1014.35
2024-01-06 22:52:22,29.97,-12.47,8.79,-1013.87
2024-01-06 22:52:22,29.95,-10.05,25.95,-1012.02
2024-01-06 22:52:22,25.74,-21.98,7.29,-1011.88
2024-01-06 22:52:23,30.42,-6.5,6.77,-1017.73
2024-01-06 22:52:23,30.52,-11.3,21.63,-1015.05
2024-01-06 22:52:23,31.85,-15.96,25.16,-1012.09
2024-01-06 22:52:23,31.43,-6.59,9.26,-1015.67
2024-01-06 22:52:23,28.33,-15.61,14.54,-1017.4
2024-01-06 22:52:24,26.88,0.94,12.53,-1026.9
2024-01-06 22:52:24,27.93,-11.68,25.7,-1015.49
2024-01-06 22:52:24,30.34,-1.66,19.13,-1022.95
2024-01-06 22:52:24,29.25,0.45,14.48,-1029.67
2024-01-06 22:52:25,29.87,1.28,20.29,-1012.34
2024-01-06 22:52:25,31.44,-5.2,15.47,-1021.15
2024-01-06 22:52:25,27.46,-12.45,23.09,-1013.99
2024-01-06 22:52:25,25.56,-7.26,22.57,-1026.87
2024-01-06 22:52:25,32.21,-11.63,5.08,-1015.49
2024-01-06 22:52:26,28.16,-11.81,18.77,-1021.53
2024-01-06 22:52:26,29.06,-10.82,9.71,-1012.74
2024-01-06 22:52:26,28.51,-14.5,18.92,-1019.74
2024-01-06 22:52:26,28.93,-24.96,6.48,-1023.3
2024-01-06 22:52:26,29.1,-14.23,28.7,-1014.26
2024-01-06 22:52:27,28.77,4,14.54,-1014.28
2024-01-06 22:52:27,27.48,-6.09,12.16,-1018.65
2024-01-06 22:52:27,28.06,-0.4,32.02,-1024.41
2024-01-06 22:52:27,31.8,-22.77,10.77,-1016.65
2024-01-06 22:52:28,32.39,1.07,31.69,-1029.26
2024-01-06 22:52:28,27.06,-23.82,5.76,-1029.21
2024-01-06 22:52:28,31.67,-13.03,31.97,-1012.02
2024-01-06 22:52:28,28.45,1.06,12.07,-1025.65
2024-01-06 22:52:28,28.91,-11.52,12.32,-1016.98
2024-01-06 22:52:29,27.93,-11.18,12.32,-1014.02
2024-01-06 22:52:29,29.87,-24.63,17.63,-1028.1
2024-01-06 22:52:29,26.82,-14.72,17.42,-1029.41
2024-01-06 22:52:29,30.77,-3.77,11.83,-1025.76
2024-01-06 22:52:30,29.38,-6.73,13.25,-1025.06
2024-01-06 22:52:30,27.31,-24.6,17.74,-1015.59
2024-01-06 22:52:30,26.72,3.3,31.69,-1024.17
2024-01-06 22:52:30,29.73,-3.75,27.28,-1026.35
2024-01-06 22:52:30,29.45,-15.08,16.95,-1021.52
2024-01-06 22:52:31,31.16,-5.64,5.77,-1026.77
2024-01-06 22:52:31,30.3,-13.78,9,-1016.07
2024-01-06 22:52:31,30.94,-14.92,22.43,-1018.33
2024-01-06 22:52:31,30.31,-23.03,22.17,-1020.16
2024-01-06 22:52:31,26.64,2.76,25.33,-1011.31
2024-01-06 22:52:32,31.42,2.09,8.17,-1025.38
2024-01-06 22:52:32,30.08,-24.37,12.26,-1027.82
2024-01-06 22:52:32,32.37,-22.2,14.52,-1011.86
2024-01-06 22:52:32,25.6,-7.6,31.97,-1014.94
2024-01-06 22:52:33,29.86,-9.81,23.59,-1026.71
2024-01-06 22:52:33,25.81,-13.36,26,-1012.8
2024-01-06 22:52:33,25.99,-15.51,27.45,-1014.3
2024-01-06 22:52:33,27.55,-15.92,5.78,-1028.86
2024-01-06 22:52:33,32.26,-7.21,21.36,-1025.46
2024-01-06 22:52:34,26.56,-15.52,29.73,-1011.32
2024-01-06 22:52:34,27.66,-0.89,11.78,-1018.53
2024-01-06 22:52:34,32.02,-6.15,20.27,-1012.93
2024-01-06 22:52:34,27.06,-17.41,6.07,-1026.31
2024-01-06 22:52:34,25.99,-11.37,9.75,-1022.55
2024-01-06 22:52:35,31.03,-9.22,13.96,-1011.28
2024-01-06 22:52:35,29.55,-0.85,13.66,-1022.72
2024-01-06 22:52:35,27.24,4.66,8.41,-1025.64
2024-01-06 22:52:35,28.13,-0.64,10.47,-1012.25
2024-01-06 22:52:36,30.94,-20.48,29.98,-1024.14
2024-01-06 22:52:36,29.25,-17.41,10.28,-1023.53
2024-01-06 22:52:36,29.47,-14.25,5,-1027.71
2024-01-06 22:52:36,29.91,-21.12,17.2,-1029.51
2024-01-06 22:52:36,31.65,-8.19,28.55,-1020.26
2024-01-06 22:52:37,28.86,-14.7,8.78,-1016.97
2024-01-06 22:52:37,32.27,-15.22,23.24,-1014.54
2024-01-06 22:52:37,32.12,-14.77,33.7,-1027.7
2024-01-06 22:52:37,27.1,-10.19,9.56,-1013.63
2024-01-06 22:52:38,28.41,-1.83,32.91,-1012.87
2024-01-06 22:52:38,28.82,-18.17,17.29,-1017.59
2024-01-06 22:52:38,28.16,-22.64,23.32,-1026.78
2024-01-06 22:52:38,31.73,-3.82,20.88,-1024.47
2024-01-06 22:52:39,26.81,-20.23,28.12,-1012.88
2024-01-06 22:52:39,30.35,-20.99,31.68,-1019.52
2024-01-06 22:52:39,32.48,-20.51,21.08,-1029.34
2024-01-06 22:52:39,29.53,-13.58,12.77,-1016.83
2024-01-06 22:52:39,27.52,-17.88,12.97,-1022.12
2024-01-06 22:52:40,30.18,-11.24,29.25,-1021.97
2024-01-06 22:52:40,26.48,-4.25,16.05,-1014.46
2024-01-06 22:52:40,27.88,-16.09,7.67,-1018.3
2024-01-06 22:52:40,28.89,-1.98,11.98,-1020.72
2024-01-06 22:52:41,32.03,-7.06,23.46,-1024.4
2024-01-06 22:52:41,32.71,-15.17,33.69,-1023.1
2024-01-06 22:52:41,32.89,-13.38,7.39,-1012.6
2024-01-06 22:52:41,31.15,-16.79,9.75,-1016.14
2024-01-06 22:52:41,28.45,-20.75,21.3,-1020.33
2024-01-06 22:52:42,28.42,-24.96,25.63,-1019.82
2024-01-06 22:52:42,29.97,-15.23,20.76,-1028.98
2024-01-06 22:52:42,27.99,-24.8,17.81,-1021.22
2024-01-06 22:52:42,31.17,-20.86,24.51,-1028.68
2024-01-06 22:52:43,30.62,3.08,7.51,-1017.18
2024-01-06 22:52:43,30.87,-21.87,20.66,-1025.53
2024-01-06 22:52:43,28.4,-8.5,9.19,-1024.4
2024-01-06 22:52:43,26.34,0.65,21.7,-1012.94
2024-01-06 22:52:43,27.01,2.17,10.67,-1016.08
2024-01-06 22:52:44,28.97,-3.7,34.5,-1012.51
2024-01-06 22:52:44,28.14,-9.21,6.89,-1012.92
2024-01-06 22:52:44,29.69,-8.63,34.84,-1018.43
2024-01-06 22:52:45,29.88,-13.25,22.03,-1018.22
2024-01-06 22:52:45,32.91,-8.09,15.29,-1015.12
2024-01-06 22:52:45,32.97,-9.32,9.15,-1027.01
2024-01-06 22:52:45,29.17,-6.42,11.18,-1021.65
2024-01-06 22:52:46,25.63,1.07,32.92,-1029.25
2024-01-06 22:52:46,28.21,-15.66,17.18,-1014.92
2024-01-06 22:52:46,28.75,0.26,31.52,-1021.31
2024-01-06 22:52:46,27.75,1.7,24.96,-1015.18
2024-01-06 22:52:46,32.2,-5.89,12.29,-1025.72
2024-01-06 22:52:47,25.85,-8.93,22.92,-1020.04
2024-01-06 22:52:47,31.84,-2.27,33.97,-1018.03
2024-01-06 22:52:47,32.54,-13.82,28.59,-1027.98
2024-01-06 22:52:47,30.75,-5.99,9.43,-1017.41
2024-01-06 22:52:48,28.58,-10.09,22.09,-1021.9
2024-01-06 22:52:48,28.46,-9.66,20.72,-1029.92
2024-01-06 22:52:48,30.11,1.46,19.67,-1013.35
2024-01-06 22:52:48,25.12,-8.07,11.48,-1026.17
2024-01-06 22:52:49,32.86,-8.84,12.37,-1014.13
2024-01-06 22:52:49,28.05,-23.53,13.29,-1016.92
2024-01-06 22:52:49,31,-5.39,12.86,-1017.71
2024-01-06 22:52:49,31.87,1.62,26.13,-1026.84
2024-01-06 22:52:50,28.51,-20.83,8.18,-1013.95
2024-01-06 22:52:50,27.27,-16.84,10.69,-1011.95
2024-01-06 22:52:50,28.71,-5,24.27,-1023.75
2024-01-06 22:52:50,30.13,2.4,16.29,-1028.61
2024-01-06 22:52:50,29.2,-13.44,26.34,-1012.22
2024-01-06 22:52:51,29.86,-17.25,19.45,-1017.94
2024-01-06 22:52:51,26.04,-21.24,13.33,-1021.15
2024-01-06 22:52:51,29.39,-24.39,17.1,-1017.43
2024-01-06 22:52:51,29.91,-0.58,28.8,-1026.38
2024-01-06 22:52:52,31.49,-3.58,5.96,-1012.72
2024-01-06 22:52:52,25.7,-8.99,27.05,-1013.08
2024-01-06 22:52:52,25.98,-0.33,17.85,-1014.63
2024-01-06 22:52:52,29.97,0.75,12.33,-1014.16
2024-01-06 22:52:53,31.33,4.29,7.07,-1015.97
2024-01-06 22:52:53,28.08,-8.38,31.9,-1024.12
2024-01-06 22:52:53,27.01,-1.48,19.46,-1019.94
2024-01-06 22:52:53,25.69,-23.31,26.69,-1028.95
